URL,Image,Name,Price
https://scrapeme.live/shop/Abomasnow/,https://scrapeme.live/wp-content/uploads/2018/08/460-350x350.png,Abomasnow,&pound;46.00
https://scrapeme.live/shop/Absol/,https://scrapeme.live/wp-content/uploads/2018/08/359-350x350.png,Absol,&pound;134.00
https://scrapeme.live/shop/Aerodactyl/,https://scrapeme.live/wp-content/uploads/2018/08/142-350x350.png,Aerodactyl,&pound;56.00
https://scrapeme.live/shop/Aggron/,https://scrapeme.live/wp-content/uploads/2018/08/306-350x350.png,Aggron,&pound;140.00
https://scrapeme.live/shop/Aipom/,https://scrapeme.live/wp-content/uploads/2018/08/190-350x350.png,Aipom,&pound;182.00
https://scrapeme.live/shop/Altaria/,https://scrapeme.live/wp-content/uploads/2018/08/334-350x350.png,Altaria,&pound;104.00
https://scrapeme.live/shop/Amaura/,https://scrapeme.live/wp-content/uploads/2018/08/698-350x350.png,Amaura,&pound;155.00
https://scrapeme.live/shop/Ambipom/,https://scrapeme.live/wp-content/uploads/2018/08/424-350x350.png,Ambipom,&pound;36.00
https://scrapeme.live/shop/Ampharos/,https://scrapeme.live/wp-content/uploads/2018/08/181-350x350.png,Ampharos,&pound;41.00
https://scrapeme.live/shop/Anorith/,https://scrapeme.live/wp-content/uploads/2018/08/347-350x350.png,Anorith,&pound;64.00
https://scrapeme.live/shop/Araquanid/,https://scrapeme.live/wp-content/uploads/2018/08/752-350x350.png,Araquanid,&pound;48.00
https://scrapeme.live/shop/Armaldo/,https://scrapeme.live/wp-content/uploads/2018/08/348-350x350.png,Armaldo,&pound;42.00
https://scrapeme.live/shop/Aron/,https://scrapeme.live/wp-content/uploads/2018/08/304-350x350.png,Aron,&pound;149.00
https://scrapeme.live/shop/Articuno/,https://scrapeme.live/wp-content/uploads/2018/08/144-350x350.png,Articuno,&pound;77.00
https://scrapeme.live/shop/Aurorus/,https://scrapeme.live/wp-content/uploads/2018/08/699-350x350.png,Aurorus,&pound;189.00
https://scrapeme.live/shop/Azumarill/,https://scrapeme.live/wp-content/uploads/2018/08/184-350x350.png,Azumarill,&pound;175.00
https://scrapeme.live/shop/Azurill/,https://scrapeme.live/wp-content/uploads/2018/08/298-350x350.png,Azurill,&pound;70.00
https://scrapeme.live/shop/Bagon/,https://scrapeme.live/wp-content/uploads/2018/08/371-350x350.png,Bagon,&pound;34.00
https://scrapeme.live/shop/Baltoy/,https://scrapeme.live/wp-content/uploads/2018/08/343-350x350.png,Baltoy,&pound;167.00
https://scrapeme.live/shop/Banette/,https://scrapeme.live/wp-content/uploads/2018/08/354-350x350.png,Banette,&pound;104.00
https://scrapeme.live/shop/Bastiodon/,https://scrapeme.live/wp-content/uploads/2018/08/411-350x350.png,Bastiodon,&pound;191.00
https://scrapeme.live/shop/Beautifly/,https://scrapeme.live/wp-content/uploads/2018/08/267-350x350.png,Beautifly,&pound;145.00
https://scrapeme.live/shop/Beedrill/,https://scrapeme.live/wp-content/uploads/2018/08/015-350x350.png,Beedrill,&pound;168.00
https://scrapeme.live/shop/Beldum/,https://scrapeme.live/wp-content/uploads/2018/08/374-350x350.png,Beldum,&pound;122.00
https://scrapeme.live/shop/Bellossom/,https://scrapeme.live/wp-content/uploads/2018/08/182-350x350.png,Bellossom,&pound;25.00
https://scrapeme.live/shop/Bewear/,https://scrapeme.live/wp-content/uploads/2018/08/760-350x350.png,Bewear,&pound;117.00
https://scrapeme.live/shop/Bibarel/,https://scrapeme.live/wp-content/uploads/2018/08/400-350x350.png,Bibarel,&pound;114.00
https://scrapeme.live/shop/Bidoof/,https://scrapeme.live/wp-content/uploads/2018/08/399-350x350.png,Bidoof,&pound;128.00
https://scrapeme.live/shop/Blacephalon/,https://scrapeme.live/wp-content/uploads/2018/08/806-350x350.png,Blacephalon,&pound;149.00
https://scrapeme.live/shop/Blastoise/,https://scrapeme.live/wp-content/uploads/2018/08/009-350x350.png,Blastoise,&pound;76.00
https://scrapeme.live/shop/Blaziken/,https://scrapeme.live/wp-content/uploads/2018/08/257-350x350.png,Blaziken,&pound;40.00
https://scrapeme.live/shop/Blissey/,https://scrapeme.live/wp-content/uploads/2018/08/242-350x350.png,Blissey,&pound;31.00
https://scrapeme.live/shop/Bonsly/,https://scrapeme.live/wp-content/uploads/2018/08/438-350x350.png,Bonsly,&pound;106.00
https://scrapeme.live/shop/Bounsweet/,https://scrapeme.live/wp-content/uploads/2018/08/761-350x350.png,Bounsweet,&pound;193.00
https://scrapeme.live/shop/Breloom/,https://scrapeme.live/wp-content/uploads/2018/08/286-350x350.png,Breloom,&pound;113.00
https://scrapeme.live/shop/Bronzong/,https://scrapeme.live/wp-content/uploads/2018/08/437-350x350.png,Bronzong,&pound;110.00
https://scrapeme.live/shop/Budew/,https://scrapeme.live/wp-content/uploads/2018/08/406-350x350.png,Budew,&pound;171.00
https://scrapeme.live/shop/Buizel/,https://scrapeme.live/wp-content/uploads/2018/08/418-350x350.png,Buizel,&pound;55.00
https://scrapeme.live/shop/Bulbasaur/,https://scrapeme.live/wp-content/uploads/2018/08/001-350x350.png,Bulbasaur,&pound;63.00
https://scrapeme.live/shop/Buneary/,https://scrapeme.live/wp-content/uploads/2018/08/427-350x350.png,Buneary,&pound;180.00
https://scrapeme.live/shop/Burmy/,https://scrapeme.live/wp-content/uploads/2018/08/412-350x350.png,Burmy,&pound;91.00
https://scrapeme.live/shop/Butterfree/,https://scrapeme.live/wp-content/uploads/2018/08/012-350x350.png,Butterfree,&pound;162.00
https://scrapeme.live/shop/Buzzwole/,https://scrapeme.live/wp-content/uploads/2018/08/794-350x350.png,Buzzwole,&pound;172.00
https://scrapeme.live/shop/Cacnea/,https://scrapeme.live/wp-content/uploads/2018/08/331-350x350.png,Cacnea,&pound;105.00
https://scrapeme.live/shop/Cacturne/,https://scrapeme.live/wp-content/uploads/2018/08/332-350x350.png,Cacturne,&pound;31.00
https://scrapeme.live/shop/Camerupt/,https://scrapeme.live/wp-content/uploads/2018/08/323-350x350.png,Camerupt,&pound;124.00
https://scrapeme.live/shop/Carbink/,https://scrapeme.live/wp-content/uploads/2018/08/703-350x350.png,Carbink,&pound;171.00
https://scrapeme.live/shop/Carnivine/,https://scrapeme.live/wp-content/uploads/2018/08/455-350x350.png,Carnivine,&pound;60.00
https://scrapeme.live/shop/Carvanha/,https://scrapeme.live/wp-content/uploads/2018/08/318-350x350.png,Carvanha,&pound;25.00
https://scrapeme.live/shop/Cascoon/,https://scrapeme.live/wp-content/uploads/2018/08/268-350x350.png,Cascoon,&pound;166.00
https://scrapeme.live/shop/Castform/,https://scrapeme.live/wp-content/uploads/2018/08/351-350x350.png,Castform,&pound;119.00
https://scrapeme.live/shop/Caterpie/,https://scrapeme.live/wp-content/uploads/2018/08/010-350x350.png,Caterpie,&pound;73.00
https://scrapeme.live/shop/Celebi/,https://scrapeme.live/wp-content/uploads/2018/08/251-350x350.png,Celebi,&pound;111.00
https://scrapeme.live/shop/Celesteela/,https://scrapeme.live/wp-content/uploads/2018/08/797-350x350.png,Celesteela,&pound;151.00
https://scrapeme.live/shop/Charizard/,https://scrapeme.live/wp-content/uploads/2018/08/006-350x350.png,Charizard,&pound;156.00
https://scrapeme.live/shop/Charmander/,https://scrapeme.live/wp-content/uploads/2018/08/004-350x350.png,Charmander,&pound;48.00
https://scrapeme.live/shop/Charmeleon/,https://scrapeme.live/wp-content/uploads/2018/08/005-350x350.png,Charmeleon,&pound;165.00
https://scrapeme.live/shop/Chatot/,https://scrapeme.live/wp-content/uploads/2018/08/441-350x350.png,Chatot,&pound;78.00
https://scrapeme.live/shop/Cherrim/,https://scrapeme.live/wp-content/uploads/2018/08/421-350x350.png,Cherrim,&pound;161.00
https://scrapeme.live/shop/Cherubi/,https://scrapeme.live/wp-content/uploads/2018/08/420-350x350.png,Cherubi,&pound;101.00
https://scrapeme.live/shop/Chimchar/,https://scrapeme.live/wp-content/uploads/2018/08/390-350x350.png,Chimchar,&pound;143.00
https://scrapeme.live/shop/Chimecho/,https://scrapeme.live/wp-content/uploads/2018/08/358-350x350.png,Chimecho,&pound;51.00
https://scrapeme.live/shop/Clamperl/,https://scrapeme.live/wp-content/uploads/2018/08/366-350x350.png,Clamperl,&pound;48.00
https://scrapeme.live/shop/Clawitzer/,https://scrapeme.live/wp-content/uploads/2018/08/693-350x350.png,Clawitzer,&pound;69.00
https://scrapeme.live/shop/Claydol/,https://scrapeme.live/wp-content/uploads/2018/08/344-350x350.png,Claydol,&pound;197.00
https://scrapeme.live/shop/Cloyster/,https://scrapeme.live/wp-content/uploads/2018/08/091-350x350.png,Cloyster,&pound;199.00
https://scrapeme.live/shop/Combee/,https://scrapeme.live/wp-content/uploads/2018/08/415-350x350.png,Combee,&pound;111.00
https://scrapeme.live/shop/Combusken/,https://scrapeme.live/wp-content/uploads/2018/08/256-350x350.png,Combusken,&pound;68.00
https://scrapeme.live/shop/Comfey/,https://scrapeme.live/wp-content/uploads/2018/08/764-350x350.png,Comfey,&pound;28.00
https://scrapeme.live/shop/Corphish/,https://scrapeme.live/wp-content/uploads/2018/08/341-350x350.png,Corphish,&pound;178.00
https://scrapeme.live/shop/Corsola/,https://scrapeme.live/wp-content/uploads/2018/08/222-350x350.png,Corsola,&pound;27.00
https://scrapeme.live/shop/Cradily/,https://scrapeme.live/wp-content/uploads/2018/08/346-350x350.png,Cradily,&pound;154.00
https://scrapeme.live/shop/Cranidos/,https://scrapeme.live/wp-content/uploads/2018/08/408-350x350.png,Cranidos,&pound;47.00
https://scrapeme.live/shop/Crawdaunt/,https://scrapeme.live/wp-content/uploads/2018/08/342-350x350.png,Crawdaunt,&pound;173.00
https://scrapeme.live/shop/Croagunk/,https://scrapeme.live/wp-content/uploads/2018/08/453-350x350.png,Croagunk,&pound;145.00
https://scrapeme.live/shop/Dedenne/,https://scrapeme.live/wp-content/uploads/2018/08/702-350x350.png,Dedenne,&pound;118.00
https://scrapeme.live/shop/Delcatty/,https://scrapeme.live/wp-content/uploads/2018/08/301-350x350.png,Delcatty,&pound;170.00
https://scrapeme.live/shop/Delibird/,https://scrapeme.live/wp-content/uploads/2018/08/225-350x350.png,Delibird,&pound;121.00
https://scrapeme.live/shop/Dewgong/,https://scrapeme.live/wp-content/uploads/2018/08/087-350x350.png,Dewgong,&pound;70.00
https://scrapeme.live/shop/Dewpider/,https://scrapeme.live/wp-content/uploads/2018/08/751-350x350.png,Dewpider,&pound;84.00
https://scrapeme.live/shop/Ditto/,https://scrapeme.live/wp-content/uploads/2018/08/132-350x350.png,Ditto,&pound;75.00
https://scrapeme.live/shop/Dodrio/,https://scrapeme.live/wp-content/uploads/2018/08/085-350x350.png,Dodrio,&pound;138.00
https://scrapeme.live/shop/Doduo/,https://scrapeme.live/wp-content/uploads/2018/08/084-350x350.png,Doduo,&pound;73.00
https://scrapeme.live/shop/Donphan/,https://scrapeme.live/wp-content/uploads/2018/08/232-350x350.png,Donphan,&pound;89.00
https://scrapeme.live/shop/Drampa/,https://scrapeme.live/wp-content/uploads/2018/08/780-350x350.png,Drampa,&pound;133.00
https://scrapeme.live/shop/Drapion/,https://scrapeme.live/wp-content/uploads/2018/08/452-350x350.png,Drapion,&pound;72.00
https://scrapeme.live/shop/Drifblim/,https://scrapeme.live/wp-content/uploads/2018/08/426-350x350.png,Drifblim,&pound;36.00
https://scrapeme.live/shop/Drifloon/,https://scrapeme.live/wp-content/uploads/2018/08/425-350x350.png,Drifloon,&pound;70.00
https://scrapeme.live/shop/Drowzee/,https://scrapeme.live/wp-content/uploads/2018/08/096-350x350.png,Drowzee,&pound;40.00
https://scrapeme.live/shop/Dusclops/,https://scrapeme.live/wp-content/uploads/2018/08/356-350x350.png,Dusclops,&pound;39.00
https://scrapeme.live/shop/Dusknoir/,https://scrapeme.live/wp-content/uploads/2018/08/477-350x350.png,Dusknoir,&pound;158.00
https://scrapeme.live/shop/Duskull/,https://scrapeme.live/wp-content/uploads/2018/08/355-350x350.png,Duskull,&pound;139.00
https://scrapeme.live/shop/Dustox/,https://scrapeme.live/wp-content/uploads/2018/08/269-350x350.png,Dustox,&pound;91.00
https://scrapeme.live/shop/Eevee/,https://scrapeme.live/wp-content/uploads/2018/08/133-350x350.png,Eevee,&pound;112.00
https://scrapeme.live/shop/Electivire/,https://scrapeme.live/wp-content/uploads/2018/08/466-350x350.png,Electivire,&pound;61.00
https://scrapeme.live/shop/Electrike/,https://scrapeme.live/wp-content/uploads/2018/08/309-350x350.png,Electrike,&pound;145.00
https://scrapeme.live/shop/Elekid/,https://scrapeme.live/wp-content/uploads/2018/08/239-350x350.png,Elekid,&pound;104.00
https://scrapeme.live/shop/Empoleon/,https://scrapeme.live/wp-content/uploads/2018/08/395-350x350.png,Empoleon,&pound;42.00
https://scrapeme.live/shop/Entei/,https://scrapeme.live/wp-content/uploads/2018/08/244-350x350.png,Entei,&pound;27.00
https://scrapeme.live/shop/Espeon/,https://scrapeme.live/wp-content/uploads/2018/08/196-350x350.png,Espeon,&pound;177.00
https://scrapeme.live/shop/Exploud/,https://scrapeme.live/wp-content/uploads/2018/08/295-350x350.png,Exploud,&pound;161.00
https://scrapeme.live/shop/Farfetchd/,https://scrapeme.live/wp-content/uploads/2018/08/083-350x350.png,Farfetchd,&pound;185.00
https://scrapeme.live/shop/Feebas/,https://scrapeme.live/wp-content/uploads/2018/08/349-350x350.png,Feebas,&pound;194.00
https://scrapeme.live/shop/Finneon/,https://scrapeme.live/wp-content/uploads/2018/08/456-350x350.png,Finneon,&pound;172.00
https://scrapeme.live/shop/Flaaffy/,https://scrapeme.live/wp-content/uploads/2018/08/180-350x350.png,Flaaffy,&pound;163.00
https://scrapeme.live/shop/Flareon/,https://scrapeme.live/wp-content/uploads/2018/08/136-350x350.png,Flareon,&pound;34.00
https://scrapeme.live/shop/Floatzel/,https://scrapeme.live/wp-content/uploads/2018/08/419-350x350.png,Floatzel,&pound;40.00
https://scrapeme.live/shop/Flygon/,https://scrapeme.live/wp-content/uploads/2018/08/330-350x350.png,Flygon,&pound;174.00
https://scrapeme.live/shop/Fomantis/,https://scrapeme.live/wp-content/uploads/2018/08/753-350x350.png,Fomantis,&pound;104.00
https://scrapeme.live/shop/Froslass/,https://scrapeme.live/wp-content/uploads/2018/08/478-350x350.png,Froslass,&pound;86.00
https://scrapeme.live/shop/Gabite/,https://scrapeme.live/wp-content/uploads/2018/08/444-350x350.png,Gabite,&pound;154.00
https://scrapeme.live/shop/Gallade/,https://scrapeme.live/wp-content/uploads/2018/08/475-350x350.png,Gallade,&pound;149.00
https://scrapeme.live/shop/Garchomp/,https://scrapeme.live/wp-content/uploads/2018/08/445-350x350.png,Garchomp,&pound;62.00
https://scrapeme.live/shop/Gardevoir/,https://scrapeme.live/wp-content/uploads/2018/08/282-350x350.png,Gardevoir,&pound;34.00
https://scrapeme.live/shop/Gastly/,https://scrapeme.live/wp-content/uploads/2018/08/092-350x350.png,Gastly,&pound;179.00
https://scrapeme.live/shop/Gastrodon/,https://scrapeme.live/wp-content/uploads/2018/08/423-350x350.png,Gastrodon,&pound;148.00
https://scrapeme.live/shop/Gengar/,https://scrapeme.live/wp-content/uploads/2018/08/094-350x350.png,Gengar,&pound;149.00
https://scrapeme.live/shop/Gible/,https://scrapeme.live/wp-content/uploads/2018/08/443-350x350.png,Gible,&pound;194.00
https://scrapeme.live/shop/Girafarig/,https://scrapeme.live/wp-content/uploads/2018/08/203-350x350.png,Girafarig,&pound;99.00
https://scrapeme.live/shop/Glaceon/,https://scrapeme.live/wp-content/uploads/2018/08/471-350x350.png,Glaceon,&pound;142.00
https://scrapeme.live/shop/Glalie/,https://scrapeme.live/wp-content/uploads/2018/08/362-350x350.png,Glalie,&pound;178.00
https://scrapeme.live/shop/Glameow/,https://scrapeme.live/wp-content/uploads/2018/08/431-350x350.png,Glameow,&pound;39.00
https://scrapeme.live/shop/Gligar/,https://scrapeme.live/wp-content/uploads/2018/08/207-350x350.png,Gligar,&pound;112.00
https://scrapeme.live/shop/Gliscor/,https://scrapeme.live/wp-content/uploads/2018/08/472-350x350.png,Gliscor,&pound;28.00
https://scrapeme.live/shop/Golisopod/,https://scrapeme.live/wp-content/uploads/2018/08/768-350x350.png,Golisopod,&pound;32.00
https://scrapeme.live/shop/Goodra/,https://scrapeme.live/wp-content/uploads/2018/08/706-350x350.png,Goodra,&pound;192.00
https://scrapeme.live/shop/Goomy/,https://scrapeme.live/wp-content/uploads/2018/08/704-350x350.png,Goomy,&pound;110.00
https://scrapeme.live/shop/Gorebyss/,https://scrapeme.live/wp-content/uploads/2018/08/368-350x350.png,Gorebyss,&pound;150.00
https://scrapeme.live/shop/Granbull/,https://scrapeme.live/wp-content/uploads/2018/08/210-350x350.png,Granbull,&pound;59.00
https://scrapeme.live/shop/Grimer/,https://scrapeme.live/wp-content/uploads/2018/08/088-350x350.png,Grimer,&pound;147.00
https://scrapeme.live/shop/Grotle/,https://scrapeme.live/wp-content/uploads/2018/08/388-350x350.png,Grotle,&pound;154.00
https://scrapeme.live/shop/Groudon/,https://scrapeme.live/wp-content/uploads/2018/08/383-350x350.png,Groudon,&pound;124.00
https://scrapeme.live/shop/Grovyle/,https://scrapeme.live/wp-content/uploads/2018/08/253-350x350.png,Grovyle,&pound;190.00
https://scrapeme.live/shop/Grumpig/,https://scrapeme.live/wp-content/uploads/2018/08/326-350x350.png,Grumpig,&pound;182.00
https://scrapeme.live/shop/Gulpin/,https://scrapeme.live/wp-content/uploads/2018/08/316-350x350.png,Gulpin,&pound;136.00
https://scrapeme.live/shop/Guzzlord/,https://scrapeme.live/wp-content/uploads/2018/08/799-350x350.png,Guzzlord,&pound;73.00
https://scrapeme.live/shop/Hakamo-o/,https://scrapeme.live/wp-content/uploads/2018/08/783-350x350.png,Hakamo-o,&pound;57.00
https://scrapeme.live/shop/Happiny/,https://scrapeme.live/wp-content/uploads/2018/08/440-350x350.png,Happiny,&pound;67.00
https://scrapeme.live/shop/Hariyama/,https://scrapeme.live/wp-content/uploads/2018/08/297-350x350.png,Hariyama,&pound;176.00
https://scrapeme.live/shop/Haunter/,https://scrapeme.live/wp-content/uploads/2018/08/093-350x350.png,Haunter,&pound;42.00
https://scrapeme.live/shop/Hawlucha/,https://scrapeme.live/wp-content/uploads/2018/08/701-350x350.png,Hawlucha,&pound;44.00
https://scrapeme.live/shop/Heliolisk/,https://scrapeme.live/wp-content/uploads/2018/08/695-350x350.png,Heliolisk,&pound;83.00
https://scrapeme.live/shop/Helioptile/,https://scrapeme.live/wp-content/uploads/2018/08/694-350x350.png,Helioptile,&pound;62.00
https://scrapeme.live/shop/Heracross/,https://scrapeme.live/wp-content/uploads/2018/08/214-350x350.png,Heracross,&pound;143.00
https://scrapeme.live/shop/Hippopotas/,https://scrapeme.live/wp-content/uploads/2018/08/449-350x350.png,Hippopotas,&pound;189.00
https://scrapeme.live/shop/Hippowdon/,https://scrapeme.live/wp-content/uploads/2018/08/450-350x350.png,Hippowdon,&pound;140.00
https://scrapeme.live/shop/Hitmontop/,https://scrapeme.live/wp-content/uploads/2018/08/237-350x350.png,Hitmontop,&pound;149.00
https://scrapeme.live/shop/Ho-oh/,https://scrapeme.live/wp-content/uploads/2018/08/250-350x350.png,Ho-oh,&pound;91.00
https://scrapeme.live/shop/Honchkrow/,https://scrapeme.live/wp-content/uploads/2018/08/430-350x350.png,Honchkrow,&pound;47.00
https://scrapeme.live/shop/Hoppip/,https://scrapeme.live/wp-content/uploads/2018/08/187-350x350.png,Hoppip,&pound;107.00
https://scrapeme.live/shop/Houndoom/,https://scrapeme.live/wp-content/uploads/2018/08/229-350x350.png,Houndoom,&pound;78.00
https://scrapeme.live/shop/Houndour/,https://scrapeme.live/wp-content/uploads/2018/08/228-350x350.png,Houndour,&pound;144.00
https://scrapeme.live/shop/Huntail/,https://scrapeme.live/wp-content/uploads/2018/08/367-350x350.png,Huntail,&pound;52.00
https://scrapeme.live/shop/Hypno/,https://scrapeme.live/wp-content/uploads/2018/08/097-350x350.png,Hypno,&pound;198.00
https://scrapeme.live/shop/Illumise/,https://scrapeme.live/wp-content/uploads/2018/08/314-350x350.png,Illumise,&pound;167.00
https://scrapeme.live/shop/Infernape/,https://scrapeme.live/wp-content/uploads/2018/08/392-350x350.png,Infernape,&pound;165.00
https://scrapeme.live/shop/Ivysaur/,https://scrapeme.live/wp-content/uploads/2018/08/002-350x350.png,Ivysaur,&pound;87.00
https://scrapeme.live/shop/Jangmo-o/,https://scrapeme.live/wp-content/uploads/2018/08/782-350x350.png,Jangmo-o,&pound;107.00
https://scrapeme.live/shop/Jirachi/,https://scrapeme.live/wp-content/uploads/2018/08/385-350x350.png,Jirachi,&pound;111.00
https://scrapeme.live/shop/Jolteon/,https://scrapeme.live/wp-content/uploads/2018/08/135-350x350.png,Jolteon,&pound;158.00
https://scrapeme.live/shop/Jumpluff/,https://scrapeme.live/wp-content/uploads/2018/08/189-350x350.png,Jumpluff,&pound;107.00
https://scrapeme.live/shop/Kabuto/,https://scrapeme.live/wp-content/uploads/2018/08/140-350x350.png,Kabuto,&pound;79.00
https://scrapeme.live/shop/Kabutops/,https://scrapeme.live/wp-content/uploads/2018/08/141-350x350.png,Kabutops,&pound;57.00
https://scrapeme.live/shop/Kakuna/,https://scrapeme.live/wp-content/uploads/2018/08/014-350x350.png,Kakuna,&pound;148.00
https://scrapeme.live/shop/Kartana/,https://scrapeme.live/wp-content/uploads/2018/08/798-350x350.png,Kartana,&pound;197.00
https://scrapeme.live/shop/Kecleon/,https://scrapeme.live/wp-content/uploads/2018/08/352-350x350.png,Kecleon,&pound;100.00
https://scrapeme.live/shop/Kingdra/,https://scrapeme.live/wp-content/uploads/2018/08/230-350x350.png,Kingdra,&pound;124.00
https://scrapeme.live/shop/Kirlia/,https://scrapeme.live/wp-content/uploads/2018/08/281-350x350.png,Kirlia,&pound;186.00
https://scrapeme.live/shop/Klefki/,https://scrapeme.live/wp-content/uploads/2018/08/707-350x350.png,Klefki,&pound;179.00
https://scrapeme.live/shop/Komala/,https://scrapeme.live/wp-content/uploads/2018/08/775-350x350.png,Komala,&pound;65.00
https://scrapeme.live/shop/Kommo-o/,https://scrapeme.live/wp-content/uploads/2018/08/784-350x350.png,Kommo-o,&pound;170.00
https://scrapeme.live/shop/Krabby/,https://scrapeme.live/wp-content/uploads/2018/08/098-350x350.png,Krabby,&pound;64.00
https://scrapeme.live/shop/Kricketot/,https://scrapeme.live/wp-content/uploads/2018/08/401-350x350.png,Kricketot,&pound;94.00
https://scrapeme.live/shop/Kricketune/,https://scrapeme.live/wp-content/uploads/2018/08/402-350x350.png,Kricketune,&pound;53.00
https://scrapeme.live/shop/Kyogre/,https://scrapeme.live/wp-content/uploads/2018/08/382-350x350.png,Kyogre,&pound;27.00
https://scrapeme.live/shop/Lairon/,https://scrapeme.live/wp-content/uploads/2018/08/305-350x350.png,Lairon,&pound;70.00
https://scrapeme.live/shop/Lapras/,https://scrapeme.live/wp-content/uploads/2018/08/131-350x350.png,Lapras,&pound;172.00
https://scrapeme.live/shop/Larvitar/,https://scrapeme.live/wp-content/uploads/2018/08/246-350x350.png,Larvitar,&pound;26.00
https://scrapeme.live/shop/Latias/,https://scrapeme.live/wp-content/uploads/2018/08/380-350x350.png,Latias,&pound;126.00
https://scrapeme.live/shop/Latios/,https://scrapeme.live/wp-content/uploads/2018/08/381-350x350.png,Latios,&pound;166.00
https://scrapeme.live/shop/Leafeon/,https://scrapeme.live/wp-content/uploads/2018/08/470-350x350.png,Leafeon,&pound;93.00
https://scrapeme.live/shop/Lickilicky/,https://scrapeme.live/wp-content/uploads/2018/08/463-350x350.png,Lickilicky,&pound;101.00
https://scrapeme.live/shop/Lileep/,https://scrapeme.live/wp-content/uploads/2018/08/345-350x350.png,Lileep,&pound;87.00
https://scrapeme.live/shop/Linoone/,https://scrapeme.live/wp-content/uploads/2018/08/264-350x350.png,Linoone,&pound;81.00
https://scrapeme.live/shop/Lombre/,https://scrapeme.live/wp-content/uploads/2018/08/271-350x350.png,Lombre,&pound;79.00
https://scrapeme.live/shop/Lopunny/,https://scrapeme.live/wp-content/uploads/2018/08/428-350x350.png,Lopunny,&pound;123.00
https://scrapeme.live/shop/Lotad/,https://scrapeme.live/wp-content/uploads/2018/08/270-350x350.png,Lotad,&pound;161.00
https://scrapeme.live/shop/Loudred/,https://scrapeme.live/wp-content/uploads/2018/08/294-350x350.png,Loudred,&pound;145.00
https://scrapeme.live/shop/Lucario/,https://scrapeme.live/wp-content/uploads/2018/08/448-350x350.png,Lucario,&pound;102.00
https://scrapeme.live/shop/Ludicolo/,https://scrapeme.live/wp-content/uploads/2018/08/272-350x350.png,Ludicolo,&pound;189.00
https://scrapeme.live/shop/Lugia/,https://scrapeme.live/wp-content/uploads/2018/08/249-350x350.png,Lugia,&pound;86.00
https://scrapeme.live/shop/Lumineon/,https://scrapeme.live/wp-content/uploads/2018/08/457-350x350.png,Lumineon,&pound;72.00
https://scrapeme.live/shop/Lunala/,https://scrapeme.live/wp-content/uploads/2018/08/792-350x350.png,Lunala,&pound;58.00
https://scrapeme.live/shop/Lunatone/,https://scrapeme.live/wp-content/uploads/2018/08/337-350x350.png,Lunatone,&pound;177.00
https://scrapeme.live/shop/Lurantis/,https://scrapeme.live/wp-content/uploads/2018/08/754-350x350.png,Lurantis,&pound;159.00
https://scrapeme.live/shop/Luvdisc/,https://scrapeme.live/wp-content/uploads/2018/08/370-350x350.png,Luvdisc,&pound;44.00
https://scrapeme.live/shop/Luxio/,https://scrapeme.live/wp-content/uploads/2018/08/404-350x350.png,Luxio,&pound;168.00
https://scrapeme.live/shop/Luxray/,https://scrapeme.live/wp-content/uploads/2018/08/405-350x350.png,Luxray,&pound;43.00
https://scrapeme.live/shop/Magby/,https://scrapeme.live/wp-content/uploads/2018/08/240-350x350.png,Magby,&pound;40.00
https://scrapeme.live/shop/Magcargo/,https://scrapeme.live/wp-content/uploads/2018/08/219-350x350.png,Magcargo,&pound;36.00
https://scrapeme.live/shop/Magmortar/,https://scrapeme.live/wp-content/uploads/2018/08/467-350x350.png,Magmortar,&pound;200.00
https://scrapeme.live/shop/Magnezone/,https://scrapeme.live/wp-content/uploads/2018/08/462-350x350.png,Magnezone,&pound;190.00
https://scrapeme.live/shop/Makuhita/,https://scrapeme.live/wp-content/uploads/2018/08/296-350x350.png,Makuhita,&pound;30.00
https://scrapeme.live/shop/Mamoswine/,https://scrapeme.live/wp-content/uploads/2018/08/473-350x350.png,Mamoswine,&pound;104.00
https://scrapeme.live/shop/Manectric/,https://scrapeme.live/wp-content/uploads/2018/08/310-350x350.png,Manectric,&pound;76.00
https://scrapeme.live/shop/Mantine/,https://scrapeme.live/wp-content/uploads/2018/08/226-350x350.png,Mantine,&pound;114.00
https://scrapeme.live/shop/Mantyke/,https://scrapeme.live/wp-content/uploads/2018/08/458-350x350.png,Mantyke,&pound;121.00
https://scrapeme.live/shop/Mareep/,https://scrapeme.live/wp-content/uploads/2018/08/179-350x350.png,Mareep,&pound;79.00
https://scrapeme.live/shop/Marill/,https://scrapeme.live/wp-content/uploads/2018/08/183-350x350.png,Marill,&pound;127.00
https://scrapeme.live/shop/Marshadow/,https://scrapeme.live/wp-content/uploads/2018/08/802-350x350.png,Marshadow,&pound;107.00
https://scrapeme.live/shop/Marshtomp/,https://scrapeme.live/wp-content/uploads/2018/08/259-350x350.png,Marshtomp,&pound;152.00
https://scrapeme.live/shop/Masquerain/,https://scrapeme.live/wp-content/uploads/2018/08/284-350x350.png,Masquerain,&pound;39.00
https://scrapeme.live/shop/Mawile/,https://scrapeme.live/wp-content/uploads/2018/08/303-350x350.png,Mawile,&pound;119.00
https://scrapeme.live/shop/Medicham/,https://scrapeme.live/wp-content/uploads/2018/08/308-350x350.png,Medicham,&pound;77.00
https://scrapeme.live/shop/Meditite/,https://scrapeme.live/wp-content/uploads/2018/08/307-350x350.png,Meditite,&pound;97.00
https://scrapeme.live/shop/Metagross/,https://scrapeme.live/wp-content/uploads/2018/08/376-350x350.png,Metagross,&pound;170.00
https://scrapeme.live/shop/Metang/,https://scrapeme.live/wp-content/uploads/2018/08/375-350x350.png,Metang,&pound;78.00
https://scrapeme.live/shop/Metapod/,https://scrapeme.live/wp-content/uploads/2018/08/011-350x350.png,Metapod,&pound;148.00
https://scrapeme.live/shop/Mightyena/,https://scrapeme.live/wp-content/uploads/2018/08/262-350x350.png,Mightyena,&pound;175.00
https://scrapeme.live/shop/Milotic/,https://scrapeme.live/wp-content/uploads/2018/08/350-350x350.png,Milotic,&pound;152.00
https://scrapeme.live/shop/Miltank/,https://scrapeme.live/wp-content/uploads/2018/08/241-350x350.png,Miltank,&pound;26.00
https://scrapeme.live/shop/Mime-jr/,https://scrapeme.live/wp-content/uploads/2018/08/439-350x350.png,Mime-jr,&pound;170.00
https://scrapeme.live/shop/Minun/,https://scrapeme.live/wp-content/uploads/2018/08/312-350x350.png,Minun,&pound;193.00
https://scrapeme.live/shop/Misdreavus/,https://scrapeme.live/wp-content/uploads/2018/08/200-350x350.png,Misdreavus,&pound;33.00
https://scrapeme.live/shop/Mismagius/,https://scrapeme.live/wp-content/uploads/2018/08/429-350x350.png,Mismagius,&pound;38.00
https://scrapeme.live/shop/Moltres/,https://scrapeme.live/wp-content/uploads/2018/08/146-350x350.png,Moltres,&pound;178.00
https://scrapeme.live/shop/Monferno/,https://scrapeme.live/wp-content/uploads/2018/08/391-350x350.png,Monferno,&pound;68.00
https://scrapeme.live/shop/Morelull/,https://scrapeme.live/wp-content/uploads/2018/08/755-350x350.png,Morelull,&pound;87.00
https://scrapeme.live/shop/Mothim/,https://scrapeme.live/wp-content/uploads/2018/08/414-350x350.png,Mothim,&pound;177.00
https://scrapeme.live/shop/Mudbray/,https://scrapeme.live/wp-content/uploads/2018/08/749-350x350.png,Mudbray,&pound;96.00
https://scrapeme.live/shop/Mudkip/,https://scrapeme.live/wp-content/uploads/2018/08/258-350x350.png,Mudkip,&pound;140.00
https://scrapeme.live/shop/Mudsdale/,https://scrapeme.live/wp-content/uploads/2018/08/750-350x350.png,Mudsdale,&pound;111.00
https://scrapeme.live/shop/Muk/,https://scrapeme.live/wp-content/uploads/2018/08/089-350x350.png,Muk,&pound;187.00
https://scrapeme.live/shop/Munchlax/,https://scrapeme.live/wp-content/uploads/2018/08/446-350x350.png,Munchlax,&pound;190.00
https://scrapeme.live/shop/Murkrow/,https://scrapeme.live/wp-content/uploads/2018/08/198-350x350.png,Murkrow,&pound;178.00
https://scrapeme.live/shop/Naganadel/,https://scrapeme.live/wp-content/uploads/2018/08/804-350x350.png,Naganadel,&pound;30.00
https://scrapeme.live/shop/Necrozma/,https://scrapeme.live/wp-content/uploads/2018/08/800-350x350.png,Necrozma,&pound;68.00
https://scrapeme.live/shop/Nihilego/,https://scrapeme.live/wp-content/uploads/2018/08/793-350x350.png,Nihilego,&pound;67.00
https://scrapeme.live/shop/Nincada/,https://scrapeme.live/wp-content/uploads/2018/08/290-350x350.png,Nincada,&pound;38.00
https://scrapeme.live/shop/Ninjask/,https://scrapeme.live/wp-content/uploads/2018/08/291-350x350.png,Ninjask,&pound;161.00
https://scrapeme.live/shop/Nosepass/,https://scrapeme.live/wp-content/uploads/2018/08/299-350x350.png,Nosepass,&pound;41.00
https://scrapeme.live/shop/Numel/,https://scrapeme.live/wp-content/uploads/2018/08/322-350x350.png,Numel,&pound;170.00
https://scrapeme.live/shop/Nuzleaf/,https://scrapeme.live/wp-content/uploads/2018/08/274-350x350.png,Nuzleaf,&pound;26.00
https://scrapeme.live/shop/Octillery/,https://scrapeme.live/wp-content/uploads/2018/08/224-350x350.png,Octillery,&pound;94.00
https://scrapeme.live/shop/Omanyte/,https://scrapeme.live/wp-content/uploads/2018/08/138-350x350.png,Omanyte,&pound;162.00
https://scrapeme.live/shop/Omastar/,https://scrapeme.live/wp-content/uploads/2018/08/139-350x350.png,Omastar,&pound;61.00
https://scrapeme.live/shop/Onix/,https://scrapeme.live/wp-content/uploads/2018/08/095-350x350.png,Onix,&pound;37.00
https://scrapeme.live/shop/Oranguru/,https://scrapeme.live/wp-content/uploads/2018/08/765-350x350.png,Oranguru,&pound;139.00
https://scrapeme.live/shop/Pachirisu/,https://scrapeme.live/wp-content/uploads/2018/08/417-350x350.png,Pachirisu,&pound;151.00
https://scrapeme.live/shop/Palossand/,https://scrapeme.live/wp-content/uploads/2018/08/770-350x350.png,Palossand,&pound;187.00
https://scrapeme.live/shop/Passimian/,https://scrapeme.live/wp-content/uploads/2018/08/766-350x350.png,Passimian,&pound;182.00
https://scrapeme.live/shop/Pelipper/,https://scrapeme.live/wp-content/uploads/2018/08/279-350x350.png,Pelipper,&pound;158.00
https://scrapeme.live/shop/Phanpy/,https://scrapeme.live/wp-content/uploads/2018/08/231-350x350.png,Phanpy,&pound;129.00
https://scrapeme.live/shop/Pheromosa/,https://scrapeme.live/wp-content/uploads/2018/08/795-350x350.png,Pheromosa,&pound;62.00
https://scrapeme.live/shop/Pidgey/,https://scrapeme.live/wp-content/uploads/2018/08/016-350x350.png,Pidgey,&pound;159.00
https://scrapeme.live/shop/Piloswine/,https://scrapeme.live/wp-content/uploads/2018/08/221-350x350.png,Piloswine,&pound;84.00
https://scrapeme.live/shop/Plusle/,https://scrapeme.live/wp-content/uploads/2018/08/311-350x350.png,Plusle,&pound;56.00
https://scrapeme.live/shop/Poipole/,https://scrapeme.live/wp-content/uploads/2018/08/803-350x350.png,Poipole,&pound;130.00
https://scrapeme.live/shop/Politoed/,https://scrapeme.live/wp-content/uploads/2018/08/186-350x350.png,Politoed,&pound;193.00
https://scrapeme.live/shop/Poochyena/,https://scrapeme.live/wp-content/uploads/2018/08/261-350x350.png,Poochyena,&pound;130.00
https://scrapeme.live/shop/Porygon/,https://scrapeme.live/wp-content/uploads/2018/08/137-350x350.png,Porygon,&pound;178.00
https://scrapeme.live/shop/Porygon2/,https://scrapeme.live/wp-content/uploads/2018/08/233-350x350.png,Porygon2,&pound;151.00
https://scrapeme.live/shop/Prinplup/,https://scrapeme.live/wp-content/uploads/2018/08/394-350x350.png,Prinplup,&pound;177.00
https://scrapeme.live/shop/Probopass/,https://scrapeme.live/wp-content/uploads/2018/08/476-350x350.png,Probopass,&pound;181.00
https://scrapeme.live/shop/Pupitar/,https://scrapeme.live/wp-content/uploads/2018/08/247-350x350.png,Pupitar,&pound;114.00
https://scrapeme.live/shop/Purugly/,https://scrapeme.live/wp-content/uploads/2018/08/432-350x350.png,Purugly,&pound;128.00
https://scrapeme.live/shop/Pyukumuku/,https://scrapeme.live/wp-content/uploads/2018/08/771-350x350.png,Pyukumuku,&pound;97.00
https://scrapeme.live/shop/Quagsire/,https://scrapeme.live/wp-content/uploads/2018/08/195-350x350.png,Quagsire,&pound;37.00
https://scrapeme.live/shop/Qwilfish/,https://scrapeme.live/wp-content/uploads/2018/08/211-350x350.png,Qwilfish,&pound;77.00
https://scrapeme.live/shop/Raikou/,https://scrapeme.live/wp-content/uploads/2018/08/243-350x350.png,Raikou,&pound;66.00
https://scrapeme.live/shop/Ralts/,https://scrapeme.live/wp-content/uploads/2018/08/280-350x350.png,Ralts,&pound;151.00
https://scrapeme.live/shop/Rampardos/,https://scrapeme.live/wp-content/uploads/2018/08/409-350x350.png,Rampardos,&pound;196.00
https://scrapeme.live/shop/Rayquaza/,https://scrapeme.live/wp-content/uploads/2018/08/384-350x350.png,Rayquaza,&pound;97.00
https://scrapeme.live/shop/Regice/,https://scrapeme.live/wp-content/uploads/2018/08/378-350x350.png,Regice,&pound;165.00
https://scrapeme.live/shop/Regirock/,https://scrapeme.live/wp-content/uploads/2018/08/377-350x350.png,Regirock,&pound;66.00
https://scrapeme.live/shop/Registeel/,https://scrapeme.live/wp-content/uploads/2018/08/379-350x350.png,Registeel,&pound;196.00
https://scrapeme.live/shop/Relicanth/,https://scrapeme.live/wp-content/uploads/2018/08/369-350x350.png,Relicanth,&pound;157.00
https://scrapeme.live/shop/Remoraid/,https://scrapeme.live/wp-content/uploads/2018/08/223-350x350.png,Remoraid,&pound;122.00
https://scrapeme.live/shop/Rhyperior/,https://scrapeme.live/wp-content/uploads/2018/08/464-350x350.png,Rhyperior,&pound;79.00
https://scrapeme.live/shop/Riolu/,https://scrapeme.live/wp-content/uploads/2018/08/447-350x350.png,Riolu,&pound;70.00
https://scrapeme.live/shop/Roselia/,https://scrapeme.live/wp-content/uploads/2018/08/315-350x350.png,Roselia,&pound;90.00
https://scrapeme.live/shop/Roserade/,https://scrapeme.live/wp-content/uploads/2018/08/407-350x350.png,Roserade,&pound;155.00
https://scrapeme.live/shop/Rotom/,https://scrapeme.live/wp-content/uploads/2018/08/479-350x350.png,Rotom,&pound;42.00
https://scrapeme.live/shop/Sableye/,https://scrapeme.live/wp-content/uploads/2018/08/302-350x350.png,Sableye,&pound;81.00
https://scrapeme.live/shop/Salamence/,https://scrapeme.live/wp-content/uploads/2018/08/373-350x350.png,Salamence,&pound;62.00
https://scrapeme.live/shop/Salandit/,https://scrapeme.live/wp-content/uploads/2018/08/757-350x350.png,Salandit,&pound;158.00
https://scrapeme.live/shop/Salazzle/,https://scrapeme.live/wp-content/uploads/2018/08/758-350x350.png,Salazzle,&pound;166.00
https://scrapeme.live/shop/Sandygast/,https://scrapeme.live/wp-content/uploads/2018/08/769-350x350.png,Sandygast,&pound;131.00
https://scrapeme.live/shop/Sceptile/,https://scrapeme.live/wp-content/uploads/2018/08/254-350x350.png,Sceptile,&pound;37.00
https://scrapeme.live/shop/Scizor/,https://scrapeme.live/wp-content/uploads/2018/08/212-350x350.png,Scizor,&pound;172.00
https://scrapeme.live/shop/Sealeo/,https://scrapeme.live/wp-content/uploads/2018/08/364-350x350.png,Sealeo,&pound;160.00
https://scrapeme.live/shop/Seedot/,https://scrapeme.live/wp-content/uploads/2018/08/273-350x350.png,Seedot,&pound;26.00
https://scrapeme.live/shop/Seel/,https://scrapeme.live/wp-content/uploads/2018/08/086-350x350.png,Seel,&pound;164.00
https://scrapeme.live/shop/Seviper/,https://scrapeme.live/wp-content/uploads/2018/08/336-350x350.png,Seviper,&pound;107.00
https://scrapeme.live/shop/Sharpedo/,https://scrapeme.live/wp-content/uploads/2018/08/319-350x350.png,Sharpedo,&pound;129.00
https://scrapeme.live/shop/Shedinja/,https://scrapeme.live/wp-content/uploads/2018/08/292-350x350.png,Shedinja,&pound;128.00
https://scrapeme.live/shop/Shelgon/,https://scrapeme.live/wp-content/uploads/2018/08/372-350x350.png,Shelgon,&pound;56.00
https://scrapeme.live/shop/Shellder/,https://scrapeme.live/wp-content/uploads/2018/08/090-350x350.png,Shellder,&pound;138.00
https://scrapeme.live/shop/Shellos/,https://scrapeme.live/wp-content/uploads/2018/08/422-350x350.png,Shellos,&pound;163.00
https://scrapeme.live/shop/Shieldon/,https://scrapeme.live/wp-content/uploads/2018/08/410-350x350.png,Shieldon,&pound;42.00
https://scrapeme.live/shop/Shiftry/,https://scrapeme.live/wp-content/uploads/2018/08/275-350x350.png,Shiftry,&pound;157.00
https://scrapeme.live/shop/Shiinotic/,https://scrapeme.live/wp-content/uploads/2018/08/756-350x350.png,Shiinotic,&pound;75.00
https://scrapeme.live/shop/Shinx/,https://scrapeme.live/wp-content/uploads/2018/08/403-350x350.png,Shinx,&pound;149.00
https://scrapeme.live/shop/Shroomish/,https://scrapeme.live/wp-content/uploads/2018/08/285-350x350.png,Shroomish,&pound;31.00
https://scrapeme.live/shop/Shuckle/,https://scrapeme.live/wp-content/uploads/2018/08/213-350x350.png,Shuckle,&pound;194.00
https://scrapeme.live/shop/Shuppet/,https://scrapeme.live/wp-content/uploads/2018/08/353-350x350.png,Shuppet,&pound;174.00
https://scrapeme.live/shop/Silcoon/,https://scrapeme.live/wp-content/uploads/2018/08/266-350x350.png,Silcoon,&pound;80.00
https://scrapeme.live/shop/Silvally/,https://scrapeme.live/wp-content/uploads/2018/08/773-350x350.png,Silvally,&pound;133.00
https://scrapeme.live/shop/Skarmory/,https://scrapeme.live/wp-content/uploads/2018/08/227-350x350.png,Skarmory,&pound;199.00
https://scrapeme.live/shop/Skiploom/,https://scrapeme.live/wp-content/uploads/2018/08/188-350x350.png,Skiploom,&pound;185.00
https://scrapeme.live/shop/Skitty/,https://scrapeme.live/wp-content/uploads/2018/08/300-350x350.png,Skitty,&pound;156.00
https://scrapeme.live/shop/Skorupi/,https://scrapeme.live/wp-content/uploads/2018/08/451-350x350.png,Skorupi,&pound;51.00
https://scrapeme.live/shop/Skuntank/,https://scrapeme.live/wp-content/uploads/2018/08/435-350x350.png,Skuntank,&pound;112.00
https://scrapeme.live/shop/Slaking/,https://scrapeme.live/wp-content/uploads/2018/08/289-350x350.png,Slaking,&pound;119.00
https://scrapeme.live/shop/Slakoth/,https://scrapeme.live/wp-content/uploads/2018/08/287-350x350.png,Slakoth,&pound;69.00
https://scrapeme.live/shop/Sliggoo/,https://scrapeme.live/wp-content/uploads/2018/08/705-350x350.png,Sliggoo,&pound;109.00
https://scrapeme.live/shop/Slowking/,https://scrapeme.live/wp-content/uploads/2018/08/199-350x350.png,Slowking,&pound;174.00
https://scrapeme.live/shop/Smeargle/,https://scrapeme.live/wp-content/uploads/2018/08/235-350x350.png,Smeargle,&pound;151.00
https://scrapeme.live/shop/Smoochum/,https://scrapeme.live/wp-content/uploads/2018/08/238-350x350.png,Smoochum,&pound;166.00
https://scrapeme.live/shop/Sneasel/,https://scrapeme.live/wp-content/uploads/2018/08/215-350x350.png,Sneasel,&pound;108.00
https://scrapeme.live/shop/Snorlax/,https://scrapeme.live/wp-content/uploads/2018/08/143-350x350.png,Snorlax,&pound;134.00
https://scrapeme.live/shop/Snorunt/,https://scrapeme.live/wp-content/uploads/2018/08/361-350x350.png,Snorunt,&pound;82.00
https://scrapeme.live/shop/Snover/,https://scrapeme.live/wp-content/uploads/2018/08/459-350x350.png,Snover,&pound;104.00
https://scrapeme.live/shop/Snubbull/,https://scrapeme.live/wp-content/uploads/2018/08/209-350x350.png,Snubbull,&pound;63.00
https://scrapeme.live/shop/Solgaleo/,https://scrapeme.live/wp-content/uploads/2018/08/791-350x350.png,Solgaleo,&pound;125.00
https://scrapeme.live/shop/Solrock/,https://scrapeme.live/wp-content/uploads/2018/08/338-350x350.png,Solrock,&pound;57.00
https://scrapeme.live/shop/Spheal/,https://scrapeme.live/wp-content/uploads/2018/08/363-350x350.png,Spheal,&pound;193.00
https://scrapeme.live/shop/Spinda/,https://scrapeme.live/wp-content/uploads/2018/08/327-350x350.png,Spinda,&pound;149.00
https://scrapeme.live/shop/Spiritomb/,https://scrapeme.live/wp-content/uploads/2018/08/442-350x350.png,Spiritomb,&pound;165.00
https://scrapeme.live/shop/Spoink/,https://scrapeme.live/wp-content/uploads/2018/08/325-350x350.png,Spoink,&pound;163.00
https://scrapeme.live/shop/Squirtle/,https://scrapeme.live/wp-content/uploads/2018/08/007-350x350.png,Squirtle,&pound;130.00
https://scrapeme.live/shop/Stakataka/,https://scrapeme.live/wp-content/uploads/2018/08/805-350x350.png,Stakataka,&pound;190.00
https://scrapeme.live/shop/Stantler/,https://scrapeme.live/wp-content/uploads/2018/08/234-350x350.png,Stantler,&pound;33.00
https://scrapeme.live/shop/Staraptor/,https://scrapeme.live/wp-content/uploads/2018/08/398-350x350.png,Staraptor,&pound;42.00
https://scrapeme.live/shop/Staravia/,https://scrapeme.live/wp-content/uploads/2018/08/397-350x350.png,Staravia,&pound;158.00
https://scrapeme.live/shop/Starly/,https://scrapeme.live/wp-content/uploads/2018/08/396-350x350.png,Starly,&pound;59.00
https://scrapeme.live/shop/Steelix/,https://scrapeme.live/wp-content/uploads/2018/08/208-350x350.png,Steelix,&pound;116.00
https://scrapeme.live/shop/Steenee/,https://scrapeme.live/wp-content/uploads/2018/08/762-350x350.png,Steenee,&pound;27.00
https://scrapeme.live/shop/Stufful/,https://scrapeme.live/wp-content/uploads/2018/08/759-350x350.png,Stufful,&pound;70.00
https://scrapeme.live/shop/Stunky/,https://scrapeme.live/wp-content/uploads/2018/08/434-350x350.png,Stunky,&pound;106.00
https://scrapeme.live/shop/Sudowoodo/,https://scrapeme.live/wp-content/uploads/2018/08/185-350x350.png,Sudowoodo,&pound;54.00
https://scrapeme.live/shop/Suicune/,https://scrapeme.live/wp-content/uploads/2018/08/245-350x350.png,Suicune,&pound;68.00
https://scrapeme.live/shop/Sunflora/,https://scrapeme.live/wp-content/uploads/2018/08/192-350x350.png,Sunflora,&pound;33.00
https://scrapeme.live/shop/Sunkern/,https://scrapeme.live/wp-content/uploads/2018/08/191-350x350.png,Sunkern,&pound;150.00
https://scrapeme.live/shop/Surskit/,https://scrapeme.live/wp-content/uploads/2018/08/283-350x350.png,Surskit,&pound;112.00
https://scrapeme.live/shop/Swablu/,https://scrapeme.live/wp-content/uploads/2018/08/333-350x350.png,Swablu,&pound;121.00
https://scrapeme.live/shop/Swalot/,https://scrapeme.live/wp-content/uploads/2018/08/317-350x350.png,Swalot,&pound;130.00
https://scrapeme.live/shop/Swampert/,https://scrapeme.live/wp-content/uploads/2018/08/260-350x350.png,Swampert,&pound;144.00
https://scrapeme.live/shop/Swellow/,https://scrapeme.live/wp-content/uploads/2018/08/277-350x350.png,Swellow,&pound;88.00
https://scrapeme.live/shop/Swinub/,https://scrapeme.live/wp-content/uploads/2018/08/220-350x350.png,Swinub,&pound;132.00
https://scrapeme.live/shop/Sylveon/,https://scrapeme.live/wp-content/uploads/2018/08/700-350x350.png,Sylveon,&pound;48.00
https://scrapeme.live/shop/Taillow/,https://scrapeme.live/wp-content/uploads/2018/08/276-350x350.png,Taillow,&pound;85.00
https://scrapeme.live/shop/Tangrowth/,https://scrapeme.live/wp-content/uploads/2018/08/465-350x350.png,Tangrowth,&pound;108.00
https://scrapeme.live/shop/Tapu-bulu/,https://scrapeme.live/wp-content/uploads/2018/08/787-350x350.png,Tapu-bulu,&pound;165.00
https://scrapeme.live/shop/Tapu-fini/,https://scrapeme.live/wp-content/uploads/2018/08/788-350x350.png,Tapu-fini,&pound;123.00
https://scrapeme.live/shop/Tapu-koko/,https://scrapeme.live/wp-content/uploads/2018/08/785-350x350.png,Tapu-koko,&pound;159.00
https://scrapeme.live/shop/Tapu-lele/,https://scrapeme.live/wp-content/uploads/2018/08/786-350x350.png,Tapu-lele,&pound;62.00
https://scrapeme.live/shop/Teddiursa/,https://scrapeme.live/wp-content/uploads/2018/08/216-350x350.png,Teddiursa,&pound;173.00
https://scrapeme.live/shop/Togedemaru/,https://scrapeme.live/wp-content/uploads/2018/08/777-350x350.png,Togedemaru,&pound;45.00
https://scrapeme.live/shop/Togekiss/,https://scrapeme.live/wp-content/uploads/2018/08/468-350x350.png,Togekiss,&pound;158.00
https://scrapeme.live/shop/Torchic/,https://scrapeme.live/wp-content/uploads/2018/08/255-350x350.png,Torchic,&pound;28.00
https://scrapeme.live/shop/Torkoal/,https://scrapeme.live/wp-content/uploads/2018/08/324-350x350.png,Torkoal,&pound;98.00
https://scrapeme.live/shop/Torterra/,https://scrapeme.live/wp-content/uploads/2018/08/389-350x350.png,Torterra,&pound;87.00
https://scrapeme.live/shop/Toxapex/,https://scrapeme.live/wp-content/uploads/2018/08/748-350x350.png,Toxapex,&pound;91.00
https://scrapeme.live/shop/Toxicroak/,https://scrapeme.live/wp-content/uploads/2018/08/454-350x350.png,Toxicroak,&pound;145.00
https://scrapeme.live/shop/Trapinch/,https://scrapeme.live/wp-content/uploads/2018/08/328-350x350.png,Trapinch,&pound;116.00
https://scrapeme.live/shop/Treecko/,https://scrapeme.live/wp-content/uploads/2018/08/252-350x350.png,Treecko,&pound;96.00
https://scrapeme.live/shop/Trevenant/,https://scrapeme.live/wp-content/uploads/2018/08/709-350x350.png,Trevenant,&pound;53.00
https://scrapeme.live/shop/Tropius/,https://scrapeme.live/wp-content/uploads/2018/08/357-350x350.png,Tropius,&pound;196.00
https://scrapeme.live/shop/Tsareena/,https://scrapeme.live/wp-content/uploads/2018/08/763-350x350.png,Tsareena,&pound;186.00
https://scrapeme.live/shop/Turtonator/,https://scrapeme.live/wp-content/uploads/2018/08/776-350x350.png,Turtonator,&pound;117.00
https://scrapeme.live/shop/Turtwig/,https://scrapeme.live/wp-content/uploads/2018/08/387-350x350.png,Turtwig,&pound;101.00
https://scrapeme.live/shop/Tyranitar/,https://scrapeme.live/wp-content/uploads/2018/08/248-350x350.png,Tyranitar,&pound;190.00
https://scrapeme.live/shop/Tyrantrum/,https://scrapeme.live/wp-content/uploads/2018/08/697-350x350.png,Tyrantrum,&pound;26.00
https://scrapeme.live/shop/Tyrogue/,https://scrapeme.live/wp-content/uploads/2018/08/236-350x350.png,Tyrogue,&pound;145.00
https://scrapeme.live/shop/Tyrunt/,https://scrapeme.live/wp-content/uploads/2018/08/696-350x350.png,Tyrunt,&pound;62.00
https://scrapeme.live/shop/Umbreon/,https://scrapeme.live/wp-content/uploads/2018/08/197-350x350.png,Umbreon,&pound;78.00
https://scrapeme.live/shop/Unown/,https://scrapeme.live/wp-content/uploads/2018/08/201-350x350.png,Unown,&pound;198.00
https://scrapeme.live/shop/Ursaring/,https://scrapeme.live/wp-content/uploads/2018/08/217-350x350.png,Ursaring,&pound;31.00
https://scrapeme.live/shop/Vaporeon/,https://scrapeme.live/wp-content/uploads/2018/08/134-350x350.png,Vaporeon,&pound;147.00
https://scrapeme.live/shop/Venusaur/,https://scrapeme.live/wp-content/uploads/2018/08/003-350x350.png,Venusaur,&pound;105.00
https://scrapeme.live/shop/Vespiquen/,https://scrapeme.live/wp-content/uploads/2018/08/416-350x350.png,Vespiquen,&pound;104.00
https://scrapeme.live/shop/Vibrava/,https://scrapeme.live/wp-content/uploads/2018/08/329-350x350.png,Vibrava,&pound;200.00
https://scrapeme.live/shop/Vigoroth/,https://scrapeme.live/wp-content/uploads/2018/08/288-350x350.png,Vigoroth,&pound;25.00
https://scrapeme.live/shop/Volbeat/,https://scrapeme.live/wp-content/uploads/2018/08/313-350x350.png,Volbeat,&pound;123.00
https://scrapeme.live/shop/Wailmer/,https://scrapeme.live/wp-content/uploads/2018/08/320-350x350.png,Wailmer,&pound;90.00
https://scrapeme.live/shop/Wailord/,https://scrapeme.live/wp-content/uploads/2018/08/321-350x350.png,Wailord,&pound;150.00
https://scrapeme.live/shop/Walrein/,https://scrapeme.live/wp-content/uploads/2018/08/365-350x350.png,Walrein,&pound;27.00
https://scrapeme.live/shop/Wartortle/,https://scrapeme.live/wp-content/uploads/2018/08/008-350x350.png,Wartortle,&pound;123.00
https://scrapeme.live/shop/Weedle/,https://scrapeme.live/wp-content/uploads/2018/08/013-350x350.png,Weedle,&pound;25.00
https://scrapeme.live/shop/Whiscash/,https://scrapeme.live/wp-content/uploads/2018/08/340-350x350.png,Whiscash,&pound;179.00
https://scrapeme.live/shop/Whismur/,https://scrapeme.live/wp-content/uploads/2018/08/293-350x350.png,Whismur,&pound;137.00
https://scrapeme.live/shop/Wimpod/,https://scrapeme.live/wp-content/uploads/2018/08/767-350x350.png,Wimpod,&pound;137.00
https://scrapeme.live/shop/Wingull/,https://scrapeme.live/wp-content/uploads/2018/08/278-350x350.png,Wingull,&pound;153.00
https://scrapeme.live/shop/Wobbuffet/,https://scrapeme.live/wp-content/uploads/2018/08/202-350x350.png,Wobbuffet,&pound;107.00
https://scrapeme.live/shop/Wooper/,https://scrapeme.live/wp-content/uploads/2018/08/194-350x350.png,Wooper,&pound;98.00
https://scrapeme.live/shop/Wurmple/,https://scrapeme.live/wp-content/uploads/2018/08/265-350x350.png,Wurmple,&pound;195.00
https://scrapeme.live/shop/Wynaut/,https://scrapeme.live/wp-content/uploads/2018/08/360-350x350.png,Wynaut,&pound;168.00
https://scrapeme.live/shop/Xurkitree/,https://scrapeme.live/wp-content/uploads/2018/08/796-350x350.png,Xurkitree,&pound;174.00
https://scrapeme.live/shop/Yanma/,https://scrapeme.live/wp-content/uploads/2018/08/193-350x350.png,Yanma,&pound;130.00
https://scrapeme.live/shop/Yanmega/,https://scrapeme.live/wp-content/uploads/2018/08/469-350x350.png,Yanmega,&pound;121.00
https://scrapeme.live/shop/Zapdos/,https://scrapeme.live/wp-content/uploads/2018/08/145-350x350.png,Zapdos,&pound;133.00
https://scrapeme.live/shop/Zigzagoon/,https://scrapeme.live/wp-content/uploads/2018/08/263-350x350.png,Zigzagoon,&pound;83.00
